{
  "version": 2,
  "optics": {
    "pixel_size_um": 0.06210000067949295,
    "psf_sigma_um": 0.22699999809265137,
    "halo_strength": 1.840000033378601,
    "halo_lowpass_sigma_um": 0.6029999852180481,
    "intensity_gain": 0.3330000042915344,
    "shadeoff_threshold": 1.590000033378601,
    "shadeoff_strength": 0.28700000047683716,
    "body_edge_smooth_sigma_um": 0.05000000074505806
  },
  "noise": {
    "full_well_photons": 2000.0,
    "read_noise_e": 3,
    "dark_offset": -0.05,
    "bg_intensity": 0.7
  },
  "parasites": [
    {
      "center_x": 251.0,
      "center_y": 291.0,
      "body_orientation": 12.187818992789172,
      "body_length": 14.0,
      "body_width": 3.9600000381469727,
      "body_peak_position": 0.49900001287460327,
      "body_curvature": -0.30000001192092896,
      "body_phase_shift": 4.46999979019165,
      "flagellum_length": 12.123218716174925,
      "flagellum_width": 0.23343543962177796,
      "flagellum_phase_shift": 0.5,
      "beat_mode": "tip_to_base",
      "beat_frequency": 25.916579760201827,
      "beat_wavelength": 8.395969370829135,
      "beat_amplitude_max": 0.9869784315481378,
      "beat_phase": 1.6370601450138609,
      "tip_to_base_frequency": 25.916579760201827,
      "tip_to_base_wavelength": 8.395969370829135,
      "tip_to_base_amplitude": 0.9869784315481378,
      "base_to_tip_frequency": 5.174347146390248,
      "base_to_tip_wavelength": 1.0982783320754845,
      "base_to_tip_amplitude": 3.8531116181301117,
      "base_to_tip_static_curl": 1.4143441876456633,
      "base_to_tip_pulse_sharpness": 1.0382870462171976,
      "base_to_tip_distal_concentration": 1.0927678209671898,
      "tip_to_base_envelope_exponent": 1.838908249930501,
      "base_to_tip_static_curl_shape": 2.5305586825178867,
      "base_to_tip_temporal_asymmetry": 0.037331353951625686,
      "base_to_tip_propagation_extent": 1.1799152640103345,
      "static_mode_curl": 0.0,
      "mode_switch_rate": 0.0,
      "mode_schedule": [],
      "mode_transition_duration": 0.2,
      "swim_speed": 13.448364412599066,
      "angular_velocity": 0.2875732347610421,
      "tip_to_base_swim_speed": 0.0,
      "tip_to_base_angular_velocity": 0.005940000060945749,
      "base_to_tip_swim_speed": 0.0,
      "base_to_tip_angular_velocity": 0.011300000362098217,
      "rotation_rise_tau_cycles": 0.013545714738016601,
      "rotation_decay_tau_cycles": 0.0251647026562316,
      "accumulated_rotation_velocity": 0.0,
      "nucleus_position": 0.65,
      "nucleus_strength": 0.0,
      "nucleus_width": 0.18,
      "kinetoplast_position": 0.75,
      "kinetoplast_strength": 0.0,
      "kinetoplast_width": 0.07,
      "cytoplasm_mottle_strength": 0.0,
      "cytoplasm_mottle_scale": 2.5,
      "cytoplasm_grain_strength": 0.5649999976158142,
      "cytoplasm_grain_scale": 22.399999618530273,
      "body_texture_seed": 0,
      "granule_density": 30.0,
      "granule_strength": 0.6,
      "granule_size_um": 0.28,
      "vacuole_density": 14.199999809265137,
      "vacuole_strength": 0.6,
      "vacuole_size_um": 0.47099998593330383,
      "whitedot_density": 40.0,
      "whitedot_strength": 1.2899999618530273,
      "whitedot_size_um": 0.09870000183582306,
      "microtexture_seed": 360444,
      "body_edge_irregularity": 0.031599998474121094,
      "tip_sharpness": 1.0199999809265137,
      "is_dividing_daughter": false,
      "second_flagellum_enabled": false,
      "second_flagellum_length_scale": 1.0,
      "second_flagellum_lateral_offset": 0.0,
      "second_flagellum_angle_offset": 0.0,
      "second_flagellum_phase_offset": 0.0,
      "body_lateral_wobble_amplitude": 0.000717076493351342,
      "body_yaw_wobble_amplitude": -0.030150028077589656,
      "body_wobble_phase_lag": 0.39622365180480873,
      "n_flagellum_keypoints": 6
    }
  ]
}